"Entity DCID","Entity properties isoCode","Entity properties name","Variable DCID","Variable observation date","Variable observation metadata importName","Variable observation metadata provenanceUrl","Variable observation metadata scalingFactor","Variable observation metadata unit","Variable observation metadata unitDisplayName","Variable observation value","Variable properties name"
"Earth","","World","Count_Person_15To64Years_Female_InLaborForce_AsFractionOf_Count_Person_15To64Years_Female","1990","WorldDevelopmentIndicators","https://datacatalog.worldbank.org/dataset/world-development-indicators/","","","",0.561802691,"Percent of Females Working Age Population in the Labor Force"
"Earth","","World","Count_Person_15To64Years_Female_InLaborForce_AsFractionOf_Count_Person_15To64Years_Female","1991","WorldDevelopmentIndicators","https://datacatalog.worldbank.org/dataset/world-development-indicators/","","","",0.5613112975,"Percent of Females Working Age Population in the Labor Force"
"Earth","","World","Count_Person_15To64Years_Female_InLaborForce_AsFractionOf_Count_Person_15To64Years_Female","1992","WorldDevelopmentIndicators","https://datacatalog.worldbank.org/dataset/world-development-indicators/","","","",0.5605337203,"Percent of Females Working Age Population in the Labor Force"
"Earth","","World","Count_Person_15To64Years_Female_InLaborForce_AsFractionOf_Count_Person_15To64Years_Female","1993","WorldDevelopmentIndicators","https://datacatalog.worldbank.org/dataset/world-development-indicators/","","","",0.5580845569,"Percent of Females Working Age Population in the Labor Force"
"Earth","","World","Count_Person_15To64Years_Female_InLaborForce_AsFractionOf_Count_Person_15To64Years_Female","1994","WorldDevelopmentIndicators","https://datacatalog.worldbank.org/dataset/world-development-indicators/","","","",0.5588654753,"Percent of Females Working Age Population in the Labor Force"
"Earth","","World","Count_Person_15To64Years_Female_InLaborForce_AsFractionOf_Count_Person_15To64Years_Female","1995","WorldDevelopmentIndicators","https://datacatalog.worldbank.org/dataset/world-development-indicators/","","","",0.5586441095,"Percent of Females Working Age Population in the Labor Force"
"Earth","","World","Count_Person_15To64Years_Female_InLaborForce_AsFractionOf_Count_Person_15To64Years_Female","1996","WorldDevelopmentIndicators","https://datacatalog.worldbank.org/dataset/world-development-indicators/","","","",0.5582634471,"Percent of Females Working Age Population in the Labor Force"
"Earth","","World","Count_Person_15To64Years_Female_InLaborForce_AsFractionOf_Count_Person_15To64Years_Female","1997","WorldDevelopmentIndicators","https://datacatalog.worldbank.org/dataset/world-development-indicators/","","","",0.5583272038,"Percent of Females Working Age Population in the Labor Force"
"Earth","","World","Count_Person_15To64Years_Female_InLaborForce_AsFractionOf_Count_Person_15To64Years_Female","1998","WorldDevelopmentIndicators","https://datacatalog.worldbank.org/dataset/world-development-indicators/","","","",0.5582566716,"Percent of Females Working Age Population in the Labor Force"
"Earth","","World","Count_Person_15To64Years_Female_InLaborForce_AsFractionOf_Count_Person_15To64Years_Female","1999","WorldDevelopmentIndicators","https://datacatalog.worldbank.org/dataset/world-development-indicators/","","","",0.5594735829,"Percent of Females Working Age Population in the Labor Force"
"Earth","","World","Count_Person_15To64Years_Female_InLaborForce_AsFractionOf_Count_Person_15To64Years_Female","2000","WorldDevelopmentIndicators","https://datacatalog.worldbank.org/dataset/world-development-indicators/","","","",0.5589772001,"Percent of Females Working Age Population in the Labor Force"
"Earth","","World","Count_Person_15To64Years_Female_InLaborForce_AsFractionOf_Count_Person_15To64Years_Female","2001","WorldDevelopmentIndicators","https://datacatalog.worldbank.org/dataset/world-development-indicators/","","","",0.5575426024,"Percent of Females Working Age Population in the Labor Force"
"Earth","","World","Count_Person_15To64Years_Female_InLaborForce_AsFractionOf_Count_Person_15To64Years_Female","2002","WorldDevelopmentIndicators","https://datacatalog.worldbank.org/dataset/world-development-indicators/","","","",0.556448896,"Percent of Females Working Age Population in the Labor Force"
"Earth","","World","Count_Person_15To64Years_Female_InLaborForce_AsFractionOf_Count_Person_15To64Years_Female","2003","WorldDevelopmentIndicators","https://datacatalog.worldbank.org/dataset/world-development-indicators/","","","",0.5559219288,"Percent of Females Working Age Population in the Labor Force"
"Earth","","World","Count_Person_15To64Years_Female_InLaborForce_AsFractionOf_Count_Person_15To64Years_Female","2004","WorldDevelopmentIndicators","https://datacatalog.worldbank.org/dataset/world-development-indicators/","","","",0.5554905631,"Percent of Females Working Age Population in the Labor Force"
"Earth","","World","Count_Person_15To64Years_Female_InLaborForce_AsFractionOf_Count_Person_15To64Years_Female","2005","WorldDevelopmentIndicators","https://datacatalog.worldbank.org/dataset/world-development-indicators/","","","",0.5557771422,"Percent of Females Working Age Population in the Labor Force"
"Earth","","World","Count_Person_15To64Years_Female_InLaborForce_AsFractionOf_Count_Person_15To64Years_Female","2006","WorldDevelopmentIndicators","https://datacatalog.worldbank.org/dataset/world-development-indicators/","","","",0.5530909071,"Percent of Females Working Age Population in the Labor Force"
"Earth","","World","Count_Person_15To64Years_Female_InLaborForce_AsFractionOf_Count_Person_15To64Years_Female","2007","WorldDevelopmentIndicators","https://datacatalog.worldbank.org/dataset/world-development-indicators/","","","",0.5515362597,"Percent of Females Working Age Population in the Labor Force"
"Earth","","World","Count_Person_15To64Years_Female_InLaborForce_AsFractionOf_Count_Person_15To64Years_Female","2008","WorldDevelopmentIndicators","https://datacatalog.worldbank.org/dataset/world-development-indicators/","","","",0.5481107776,"Percent of Females Working Age Population in the Labor Force"
"Earth","","World","Count_Person_15To64Years_Female_InLaborForce_AsFractionOf_Count_Person_15To64Years_Female","2009","WorldDevelopmentIndicators","https://datacatalog.worldbank.org/dataset/world-development-indicators/","","","",0.5457361307,"Percent of Females Working Age Population in the Labor Force"
"Earth","","World","Count_Person_15To64Years_Female_InLaborForce_AsFractionOf_Count_Person_15To64Years_Female","2010","WorldDevelopmentIndicators","https://datacatalog.worldbank.org/dataset/world-development-indicators/","","","",0.5419953832,"Percent of Females Working Age Population in the Labor Force"
"Earth","","World","Count_Person_15To64Years_Female_InLaborForce_AsFractionOf_Count_Person_15To64Years_Female","2011","WorldDevelopmentIndicators","https://datacatalog.worldbank.org/dataset/world-development-indicators/","","","",0.5403717575,"Percent of Females Working Age Population in the Labor Force"
"Earth","","World","Count_Person_15To64Years_Female_InLaborForce_AsFractionOf_Count_Person_15To64Years_Female","2012","WorldDevelopmentIndicators","https://datacatalog.worldbank.org/dataset/world-development-indicators/","","","",0.5385452083,"Percent of Females Working Age Population in the Labor Force"
"Earth","","World","Count_Person_15To64Years_Female_InLaborForce_AsFractionOf_Count_Person_15To64Years_Female","2013","WorldDevelopmentIndicators","https://datacatalog.worldbank.org/dataset/world-development-indicators/","","","",0.5369116968,"Percent of Females Working Age Population in the Labor Force"
"Earth","","World","Count_Person_15To64Years_Female_InLaborForce_AsFractionOf_Count_Person_15To64Years_Female","2014","WorldDevelopmentIndicators","https://datacatalog.worldbank.org/dataset/world-development-indicators/","","","",0.5359966862,"Percent of Females Working Age Population in the Labor Force"
"Earth","","World","Count_Person_15To64Years_Female_InLaborForce_AsFractionOf_Count_Person_15To64Years_Female","2015","WorldDevelopmentIndicators","https://datacatalog.worldbank.org/dataset/world-development-indicators/","","","",0.5363105955,"Percent of Females Working Age Population in the Labor Force"
"Earth","","World","Count_Person_15To64Years_Female_InLaborForce_AsFractionOf_Count_Person_15To64Years_Female","2016","WorldDevelopmentIndicators","https://datacatalog.worldbank.org/dataset/world-development-indicators/","","","",0.5363349461,"Percent of Females Working Age Population in the Labor Force"
"Earth","","World","Count_Person_15To64Years_Female_InLaborForce_AsFractionOf_Count_Person_15To64Years_Female","2017","WorldDevelopmentIndicators","https://datacatalog.worldbank.org/dataset/world-development-indicators/","","","",0.5363842431,"Percent of Females Working Age Population in the Labor Force"
"Earth","","World","Count_Person_15To64Years_Female_InLaborForce_AsFractionOf_Count_Person_15To64Years_Female","2018","WorldDevelopmentIndicators","https://datacatalog.worldbank.org/dataset/world-development-indicators/","","","",0.5366015261,"Percent of Females Working Age Population in the Labor Force"
"Earth","","World","Count_Person_15To64Years_Female_InLaborForce_AsFractionOf_Count_Person_15To64Years_Female","2019","WorldDevelopmentIndicators","https://datacatalog.worldbank.org/dataset/world-development-indicators/","","","",0.5374079526,"Percent of Females Working Age Population in the Labor Force"
"Earth","","World","Count_Person_15To64Years_Female_InLaborForce_AsFractionOf_Count_Person_15To64Years_Female","2020","WorldDevelopmentIndicators","https://datacatalog.worldbank.org/dataset/world-development-indicators/","","","",0.5250397297,"Percent of Females Working Age Population in the Labor Force"
"Earth","","World","Count_Person_15To64Years_Female_InLaborForce_AsFractionOf_Count_Person_15To64Years_Female","2021","WorldDevelopmentIndicators","https://datacatalog.worldbank.org/dataset/world-development-indicators/","","","",0.5358551081,"Percent of Females Working Age Population in the Labor Force"
"Earth","","World","Count_Person_15To64Years_Female_InLaborForce_AsFractionOf_Count_Person_15To64Years_Female","2022","WorldDevelopmentIndicators","https://datacatalog.worldbank.org/dataset/world-development-indicators/","","","",0.5401875304,"Percent of Females Working Age Population in the Labor Force"
"Earth","","World","Count_Person_15To64Years_Female_InLaborForce_AsFractionOf_Count_Person_15To64Years_Female","2023","WorldDevelopmentIndicators","https://datacatalog.worldbank.org/dataset/world-development-indicators/","","","",0.5488240999,"Percent of Females Working Age Population in the Labor Force"
"Earth","","World","Count_Person_15To64Years_Female_InLaborForce_AsFractionOf_Count_Person_15To64Years_Female","2024","WorldDevelopmentIndicators","https://datacatalog.worldbank.org/dataset/world-development-indicators/","","","",0.5511408433,"Percent of Females Working Age Population in the Labor Force"